LocationID,Date,Observer,Species,Count,Link
L3290632,2019-9-15,poshien chien,Eastern Spot-billed Duck,3,/view/checklist/S59812041
L3290632,2019-9-15,poshien chien,Rock Pigeon (Feral Pigeon),10,/view/checklist/S59812041
L3290632,2019-9-15,poshien chien,Oriental Turtle-Dove,6,/view/checklist/S59812041
L3290632,2019-9-15,poshien chien,Red Collared-Dove,40,/view/checklist/S59812041
L3290632,2019-9-15,poshien chien,Spotted Dove,8,/view/checklist/S59812041
L3290632,2019-9-15,poshien chien,White-breasted Waterhen,1,/view/checklist/S59812041
L3290632,2019-9-15,poshien chien,Common Sandpiper,2,/view/checklist/S59812041
L3290632,2019-9-15,poshien chien,Gray Heron,2,/view/checklist/S59812041
L3290632,2019-9-15,poshien chien,Intermediate Egret,1,/view/checklist/S59812041
L3290632,2019-9-15,poshien chien,Little Egret,3,/view/checklist/S59812041
L3290632,2019-9-15,poshien chien,Cattle Egret,3,/view/checklist/S59812041
L3290632,2019-9-15,poshien chien,Black-crowned Night-Heron,16,/view/checklist/S59812041
L3290632,2019-9-15,poshien chien,African Sacred Ibis,1,/view/checklist/S59812041
L3290632,2019-9-15,poshien chien,Common Kingfisher,1,/view/checklist/S59812041
L3290632,2019-9-15,poshien chien,Black Drongo,4,/view/checklist/S59812041
L3290632,2019-9-15,poshien chien,Gray Treepie,3,/view/checklist/S59812041
L3290632,2019-9-15,poshien chien,Oriental Magpie,4,/view/checklist/S59812041
L3290632,2019-9-15,poshien chien,Plain Prinia,1,/view/checklist/S59812041
L3290632,2019-9-15,poshien chien,Gray-throated Martin,1,/view/checklist/S59812041
L3290632,2019-9-15,poshien chien,Barn Swallow,18,/view/checklist/S59812041
L3290632,2019-9-15,poshien chien,Light-vented Bulbul,6,/view/checklist/S59812041
L3290632,2019-9-15,poshien chien,Swinhoe's White-eye,4,/view/checklist/S59812041
L3290632,2019-9-15,poshien chien,Black-collared Starling,2,/view/checklist/S59812041
L3290632,2019-9-15,poshien chien,Common Myna,4,/view/checklist/S59812041
L3290632,2019-9-15,poshien chien,Javan Myna,30,/view/checklist/S59812041
L3290632,2019-9-15,poshien chien,Scaly-breasted Munia,6,/view/checklist/S59812041
L3290632,2019-9-15,poshien chien,Eurasian Tree Sparrow,50,/view/checklist/S59812041
L3290632,2019-9-15,poshien chien,Gray Wagtail,1,/view/checklist/S59812041
L3290632,2019-8-21,Kevin Chao,Common Sandpiper,3,/view/checklist/S59140266
L3290632,2019-8-21,Kevin Chao,White Wagtail (Chinese),3,/view/checklist/S59140266
L3290632,2019-8-15,Peter Bijlmakers,Eastern Spot-billed Duck,3,/view/checklist/S59001287
L3290632,2019-8-15,Peter Bijlmakers,Rock Pigeon (Feral Pigeon),15,/view/checklist/S59001287
L3290632,2019-8-15,Peter Bijlmakers,Oriental Turtle-Dove,8,/view/checklist/S59001287
L3290632,2019-8-15,Peter Bijlmakers,Red Collared-Dove,12,/view/checklist/S59001287
L3290632,2019-8-15,Peter Bijlmakers,White-breasted Waterhen,1,/view/checklist/S59001287
L3290632,2019-8-15,Peter Bijlmakers,Common Sandpiper,3,/view/checklist/S59001287
L3290632,2019-8-15,Peter Bijlmakers,Gray Heron,1,/view/checklist/S59001287
L3290632,2019-8-15,Peter Bijlmakers,Great Egret,2,/view/checklist/S59001287
L3290632,2019-8-15,Peter Bijlmakers,Little Egret,10,/view/checklist/S59001287
L3290632,2019-8-15,Peter Bijlmakers,Cattle Egret,14,/view/checklist/S59001287
L3290632,2019-8-15,Peter Bijlmakers,Black-crowned Night-Heron,2,/view/checklist/S59001287
L3290632,2019-8-15,Peter Bijlmakers,African Sacred Ibis,8,/view/checklist/S59001287
L3290632,2019-8-15,Peter Bijlmakers,Common Kingfisher,1,/view/checklist/S59001287
L3290632,2019-8-15,Peter Bijlmakers,Black Drongo,2,/view/checklist/S59001287
L3290632,2019-8-15,Peter Bijlmakers,Gray Treepie,8,/view/checklist/S59001287
L3290632,2019-8-15,Peter Bijlmakers,Oriental Magpie,3,/view/checklist/S59001287
L3290632,2019-8-15,Peter Bijlmakers,Yellow-bellied Prinia,2,/view/checklist/S59001287
L3290632,2019-8-15,Peter Bijlmakers,Plain Prinia,4,/view/checklist/S59001287
L3290632,2019-8-15,Peter Bijlmakers,Zitting Cisticola,2,/view/checklist/S59001287
L3290632,2019-8-15,Peter Bijlmakers,Gray-throated Martin,4,/view/checklist/S59001287
L3290632,2019-8-15,Peter Bijlmakers,Barn Swallow,6,/view/checklist/S59001287
L3290632,2019-8-15,Peter Bijlmakers,Pacific Swallow,2,/view/checklist/S59001287
L3290632,2019-8-15,Peter Bijlmakers,Striated Swallow,2,/view/checklist/S59001287
L3290632,2019-8-15,Peter Bijlmakers,Light-vented Bulbul,14,/view/checklist/S59001287
L3290632,2019-8-15,Peter Bijlmakers,Swinhoe's White-eye,-1,/view/checklist/S59001287
L3290632,2019-8-15,Peter Bijlmakers,Black-collared Starling,6,/view/checklist/S59001287
L3290632,2019-8-15,Peter Bijlmakers,Common Myna,-1,/view/checklist/S59001287
L3290632,2019-8-15,Peter Bijlmakers,Javan Myna,-1,/view/checklist/S59001287
L3290632,2019-8-15,Peter Bijlmakers,Oriental Magpie-Robin,1,/view/checklist/S59001287
L3290632,2019-8-15,Peter Bijlmakers,White-rumped Munia,4,/view/checklist/S59001287
L3290632,2019-8-15,Peter Bijlmakers,Scaly-breasted Munia,4,/view/checklist/S59001287
L3290632,2019-8-15,Peter Bijlmakers,Eurasian Tree Sparrow,-1,/view/checklist/S59001287
L3290632,2019-8-15,Peter Bijlmakers,White Wagtail,1,/view/checklist/S59001287
L6675201,2019-9-5,yaoder chen,Green-winged Teal,1,/view/checklist/S59527122
L6675201,2019-9-5,yaoder chen,Japanese Quail,1,/view/checklist/S59527122
L6675201,2019-9-5,yaoder chen,Ashy Wood-Pigeon,1,/view/checklist/S59527122
L6675201,2019-9-5,yaoder chen,Great Egret,5,/view/checklist/S59527122
L6675201,2019-9-5,yaoder chen,Little Egret,2,/view/checklist/S59527122
L6675201,2019-9-5,yaoder chen,Black-crowned Night-Heron,1,/view/checklist/S59527122
L6675201,2019-8-31,Anonymous User,Black-winged Stilt,3,/view/checklist/S59392879
L6675201,2019-8-31,Anonymous User,white egret sp.,40,/view/checklist/S59392879
L6675201,2019-8-31,Anonymous User,Black-crowned Night-Heron,15,/view/checklist/S59392879
L6675201,2019-8-31,Anonymous User,African Sacred Ibis,50,/view/checklist/S59392879
L6675201,2019-8-31,Anonymous User,black myna sp.,15,/view/checklist/S59392879
L6675201,2019-7-28,Steven Chen,Eurasian Moorhen,6,/view/checklist/S58556353
L6675201,2019-7-28,Steven Chen,Little Ringed Plover,2,/view/checklist/S58556353
L6675201,2019-7-28,Steven Chen,African Sacred Ibis,6,/view/checklist/S58556353
L6675201,2019-7-28,Steven Chen,Vinous-throated Parrotbill,2,/view/checklist/S58556353
L6675201,2019-7-14,Steven Chen,Eurasian Moorhen,3,/view/checklist/S58214987
L6675201,2019-7-14,Steven Chen,Yellow Bittern,1,/view/checklist/S58214987
L6675201,2019-7-14,Steven Chen,African Sacred Ibis,5,/view/checklist/S58214987
L6675201,2019-7-14,Steven Chen,Black-winged Kite,1,/view/checklist/S58214987
L6675201,2019-7-14,Steven Chen,Long-tailed Shrike,1,/view/checklist/S58214987
L6675201,2019-7-14,Steven Chen,Swinhoe's White-eye,1,/view/checklist/S58214987
L6675201,2019-7-14,Steven Chen,Common Myna,7,/view/checklist/S58214987
L6675201,2019-7-14,Steven Chen,Eurasian Tree Sparrow,20,/view/checklist/S58214987
L6675201,2019-7-13,Steven Chen,Common Kingfisher,1,/view/checklist/S58215128
L6675201,2019-6-30,Steven Chen,Eurasian Moorhen,1,/view/checklist/S57863416
L6675201,2019-6-30,Steven Chen,African Sacred Ibis,6,/view/checklist/S57863416
L6675201,2019-6-30,Steven Chen,Plain Prinia,1,/view/checklist/S57863416
L6675201,2019-6-30,Steven Chen,Eurasian Tree Sparrow,8,/view/checklist/S57863416
L6675201,2019-6-29,Steven Chen,Spotted Dove,1,/view/checklist/S57863507
L6675201,2019-6-29,Steven Chen,Light-vented Bulbul,2,/view/checklist/S57863507
L6675201,2019-6-8,天助 李,Spotted Dove,1,/view/checklist/S57178643
L6675201,2019-6-8,天助 李,Eurasian Moorhen,6,/view/checklist/S57178643
L6675201,2019-6-8,天助 李,Black-winged Stilt,2,/view/checklist/S57178643
L6675201,2019-6-8,天助 李,Little Egret,2,/view/checklist/S57178643
L6675201,2019-6-8,天助 李,Black-crowned Night-Heron,3,/view/checklist/S57178643
L6675201,2019-6-8,天助 李,African Sacred Ibis,4,/view/checklist/S57178643
L6675201,2019-6-8,天助 李,Barn Swallow,8,/view/checklist/S57178643
L6675201,2019-6-8,天助 李,Javan Myna,25,/view/checklist/S57178643
L6675201,2019-6-8,天助 李,Eurasian Tree Sparrow,10,/view/checklist/S57178643
L6675201,2019-6-2,Steven Chen,Vinous-throated Parrotbill,1,/view/checklist/S57885565
L6675201,2019-6-2,Steven Chen,Eurasian Tree Sparrow,15,/view/checklist/S57885565
L5569882,2019-9-1,台北市野鳥學會 活動組,Eastern Spot-billed Duck,6,/view/checklist/S59633066
L5569882,2019-9-1,台北市野鳥學會 活動組,Rock Pigeon (Feral Pigeon),20,/view/checklist/S59633066
L5569882,2019-9-1,台北市野鳥學會 活動組,Oriental Turtle-Dove,1,/view/checklist/S59633066
L5569882,2019-9-1,台北市野鳥學會 活動組,Red Collared-Dove,3,/view/checklist/S59633066
L5569882,2019-9-1,台北市野鳥學會 活動組,Eurasian Moorhen,3,/view/checklist/S59633066
L5569882,2019-9-1,台北市野鳥學會 活動組,Black-winged Stilt,10,/view/checklist/S59633066
L5569882,2019-9-1,台北市野鳥學會 活動組,Pacific Golden-Plover,1,/view/checklist/S59633066
L5569882,2019-9-1,台北市野鳥學會 活動組,Little Ringed Plover,3,/view/checklist/S59633066
L5569882,2019-9-1,台北市野鳥學會 活動組,Common Snipe,1,/view/checklist/S59633066
L5569882,2019-9-1,台北市野鳥學會 活動組,Common Greenshank,20,/view/checklist/S59633066
L5569882,2019-9-1,台北市野鳥學會 活動組,Wood Sandpiper,2,/view/checklist/S59633066
L5569882,2019-9-1,台北市野鳥學會 活動組,Great Cormorant,1,/view/checklist/S59633066
L5569882,2019-9-1,台北市野鳥學會 活動組,Gray Heron,10,/view/checklist/S59633066
L5569882,2019-9-1,台北市野鳥學會 活動組,Great Egret,12,/view/checklist/S59633066
L5569882,2019-9-1,台北市野鳥學會 活動組,Little Egret,2,/view/checklist/S59633066
L5569882,2019-9-1,台北市野鳥學會 活動組,Cattle Egret,5,/view/checklist/S59633066
L5569882,2019-9-1,台北市野鳥學會 活動組,Black-crowned Night-Heron,10,/view/checklist/S59633066
L5569882,2019-9-1,台北市野鳥學會 活動組,African Sacred Ibis,25,/view/checklist/S59633066
L5569882,2019-9-1,台北市野鳥學會 活動組,Black-winged Kite,1,/view/checklist/S59633066
L5569882,2019-9-1,台北市野鳥學會 活動組,Common Kingfisher,1,/view/checklist/S59633066
L5569882,2019-9-1,台北市野鳥學會 活動組,Black Drongo,2,/view/checklist/S59633066
L5569882,2019-9-1,台北市野鳥學會 活動組,Long-tailed Shrike,1,/view/checklist/S59633066
L5569882,2019-9-1,台北市野鳥學會 活動組,Gray Treepie,1,/view/checklist/S59633066
L5569882,2019-9-1,台北市野鳥學會 活動組,Plain Prinia,1,/view/checklist/S59633066
L5569882,2019-9-1,台北市野鳥學會 活動組,Pacific Swallow,2,/view/checklist/S59633066
L5569882,2019-9-1,台北市野鳥學會 活動組,Light-vented Bulbul,10,/view/checklist/S59633066
L5569882,2019-9-1,台北市野鳥學會 活動組,Swinhoe's White-eye,5,/view/checklist/S59633066
L5569882,2019-9-1,台北市野鳥學會 活動組,Black-collared Starling,1,/view/checklist/S59633066
L5569882,2019-9-1,台北市野鳥學會 活動組,Common Myna,2,/view/checklist/S59633066
L5569882,2019-9-1,台北市野鳥學會 活動組,Javan Myna,20,/view/checklist/S59633066
L5569882,2019-9-1,台北市野鳥學會 活動組,Scaly-breasted Munia,2,/view/checklist/S59633066
L5569882,2019-9-1,台北市野鳥學會 活動組,Eurasian Tree Sparrow,10,/view/checklist/S59633066
L5569882,2019-9-1,台北市野鳥學會 活動組,Eastern Yellow Wagtail,1,/view/checklist/S59633066
L7033433,2019-8-11,Bill Holland,Oriental Turtle-Dove,3,/view/checklist/S58896401
L7033433,2019-8-11,Bill Holland,Red Collared-Dove,1,/view/checklist/S58896401
L7033433,2019-8-11,Bill Holland,Great Egret,4,/view/checklist/S58896401
L7033433,2019-8-11,Bill Holland,Cattle Egret,1,/view/checklist/S58896401
L7033433,2019-8-11,Bill Holland,Black-crowned Night-Heron,4,/view/checklist/S58896401
L7033433,2019-8-11,Bill Holland,African Sacred Ibis,8,/view/checklist/S58896401
L7033433,2019-8-11,Bill Holland,Common Kingfisher,1,/view/checklist/S58896401
L7033433,2019-8-11,Bill Holland,Oriental Magpie,1,/view/checklist/S58896401
L7033433,2019-8-11,Bill Holland,Plain Prinia,6,/view/checklist/S58896401
L7033433,2019-8-11,Bill Holland,Barn Swallow,4,/view/checklist/S58896401
L7033433,2019-8-11,Bill Holland,Light-vented Bulbul,3,/view/checklist/S58896401
L7033433,2019-8-11,Bill Holland,Swinhoe's White-eye,2,/view/checklist/S58896401
L7033433,2019-8-11,Bill Holland,Common Myna,5,/view/checklist/S58896401
L7033433,2019-8-11,Bill Holland,Javan Myna,2,/view/checklist/S58896401
L7033433,2019-8-11,Bill Holland,Crested Myna,1,/view/checklist/S58896401
L7033433,2019-8-11,Bill Holland,Eurasian Tree Sparrow,17,/view/checklist/S58896401
L7033433,2019-8-7,Bill Holland,Rock Pigeon (Feral Pigeon),8,/view/checklist/S58800453
L7033433,2019-8-7,Bill Holland,Oriental Turtle-Dove,12,/view/checklist/S58800453
L7033433,2019-8-7,Bill Holland,Red Collared-Dove,1,/view/checklist/S58800453
L7033433,2019-8-7,Bill Holland,Spotted Dove,8,/view/checklist/S58800453
L7033433,2019-8-7,Bill Holland,Yellow Bittern,1,/view/checklist/S58800453
L7033433,2019-8-7,Bill Holland,Great Egret,3,/view/checklist/S58800453
L7033433,2019-8-7,Bill Holland,Little Egret,15,/view/checklist/S58800453
L7033433,2019-8-7,Bill Holland,Black-crowned Night-Heron,22,/view/checklist/S58800453
L7033433,2019-8-7,Bill Holland,African Sacred Ibis,13,/view/checklist/S58800453
L7033433,2019-8-7,Bill Holland,Plain Prinia,1,/view/checklist/S58800453
L7033433,2019-8-7,Bill Holland,Barn Swallow,4,/view/checklist/S58800453
L7033433,2019-8-7,Bill Holland,Light-vented Bulbul,9,/view/checklist/S58800453
L7033433,2019-8-7,Bill Holland,Swinhoe's White-eye,8,/view/checklist/S58800453
L7033433,2019-8-7,Bill Holland,Common Myna,4,/view/checklist/S58800453
L7033433,2019-8-7,Bill Holland,Javan Myna,2,/view/checklist/S58800453
L7033433,2019-8-7,Bill Holland,Crested Myna,2,/view/checklist/S58800453
L7033433,2019-8-7,Bill Holland,Eurasian Tree Sparrow,22,/view/checklist/S58800453
L3949628,2019-7-16,Peter Bijlmakers,Mallard (Domestic type),1,/view/checklist/S58219412
L3949628,2019-7-16,Peter Bijlmakers,Rock Pigeon (Feral Pigeon),-1,/view/checklist/S58219412
L3949628,2019-7-16,Peter Bijlmakers,Oriental Turtle-Dove,5,/view/checklist/S58219412
L3949628,2019-7-16,Peter Bijlmakers,Red Collared-Dove,4,/view/checklist/S58219412
L3949628,2019-7-16,Peter Bijlmakers,Eurasian Moorhen,2,/view/checklist/S58219412
L3949628,2019-7-16,Peter Bijlmakers,Yellow Bittern,3,/view/checklist/S58219412
L3949628,2019-7-16,Peter Bijlmakers,Great Egret,5,/view/checklist/S58219412
L3949628,2019-7-16,Peter Bijlmakers,Intermediate Egret,1,/view/checklist/S58219412
L3949628,2019-7-16,Peter Bijlmakers,Little Egret,7,/view/checklist/S58219412
L3949628,2019-7-16,Peter Bijlmakers,Cattle Egret,-1,/view/checklist/S58219412
L3949628,2019-7-16,Peter Bijlmakers,Black-crowned Night-Heron,-1,/view/checklist/S58219412
L3949628,2019-7-16,Peter Bijlmakers,Malayan Night-Heron,1,/view/checklist/S58219412
L3949628,2019-7-16,Peter Bijlmakers,African Sacred Ibis,-1,/view/checklist/S58219412
L3949628,2019-7-16,Peter Bijlmakers,Oriental Honey-buzzard,1,/view/checklist/S58219412
L3949628,2019-7-16,Peter Bijlmakers,Common Kingfisher,1,/view/checklist/S58219412
L3949628,2019-7-16,Peter Bijlmakers,Taiwan Barbet,1,/view/checklist/S58219412
L3949628,2019-7-16,Peter Bijlmakers,Black Drongo,1,/view/checklist/S58219412
L3949628,2019-7-16,Peter Bijlmakers,Black-naped Monarch,5,/view/checklist/S58219412
L3949628,2019-7-16,Peter Bijlmakers,Gray Treepie,5,/view/checklist/S58219412
L3949628,2019-7-16,Peter Bijlmakers,Yellow-bellied Prinia,2,/view/checklist/S58219412
L3949628,2019-7-16,Peter Bijlmakers,Plain Prinia,2,/view/checklist/S58219412
L3949628,2019-7-16,Peter Bijlmakers,Barn Swallow,10,/view/checklist/S58219412
L3949628,2019-7-16,Peter Bijlmakers,Pacific Swallow,1,/view/checklist/S58219412
L3949628,2019-7-16,Peter Bijlmakers,Striated Swallow,1,/view/checklist/S58219412
L3949628,2019-7-16,Peter Bijlmakers,Light-vented Bulbul,-1,/view/checklist/S58219412
L3949628,2019-7-16,Peter Bijlmakers,Black Bulbul (Gray-winged),3,/view/checklist/S58219412
L3949628,2019-7-16,Peter Bijlmakers,Vinous-throated Parrotbill,2,/view/checklist/S58219412
L3949628,2019-7-16,Peter Bijlmakers,Swinhoe's White-eye,-1,/view/checklist/S58219412
L3949628,2019-7-16,Peter Bijlmakers,Rufous-capped Babbler,5,/view/checklist/S58219412
L3949628,2019-7-16,Peter Bijlmakers,Taiwan Scimitar-Babbler,3,/view/checklist/S58219412
L3949628,2019-7-16,Peter Bijlmakers,Common Myna,3,/view/checklist/S58219412
L3949628,2019-7-16,Peter Bijlmakers,Javan Myna,10,/view/checklist/S58219412
L3949628,2019-7-16,Peter Bijlmakers,Oriental Magpie-Robin,2,/view/checklist/S58219412
L3949628,2019-7-16,Peter Bijlmakers,Chestnut Munia,2,/view/checklist/S58219412
L3949628,2019-7-16,Peter Bijlmakers,Eurasian Tree Sparrow,-1,/view/checklist/S58219412
L3949628,2019-7-7,Kevin Chao,Common Greenshank,1,/view/checklist/S57989927
L3949628,2019-7-7,Kevin Chao,Black Kite,1,/view/checklist/S57989927
L3949628,2019-6-9,Sung Ming Chen,Oriental Turtle-Dove,3,/view/checklist/S57217655
L3949628,2019-6-9,Sung Ming Chen,White-breasted Waterhen,4,/view/checklist/S57217655
L3949628,2019-6-9,Sung Ming Chen,Yellow Bittern,1,/view/checklist/S57217655
L3949628,2019-6-9,Sung Ming Chen,Little Egret,11,/view/checklist/S57217655
L3949628,2019-6-9,Sung Ming Chen,Cattle Egret,15,/view/checklist/S57217655
L3949628,2019-6-9,Sung Ming Chen,Black-crowned Night-Heron,6,/view/checklist/S57217655
L3949628,2019-6-9,Sung Ming Chen,African Sacred Ibis,20,/view/checklist/S57217655
L3949628,2019-6-9,Sung Ming Chen,Crested Goshawk,2,/view/checklist/S57217655
L3949628,2019-6-9,Sung Ming Chen,Black-naped Monarch,2,/view/checklist/S57217655
L3949628,2019-6-9,Sung Ming Chen,Plain Prinia,1,/view/checklist/S57217655
L3949628,2019-6-9,Sung Ming Chen,Light-vented Bulbul,8,/view/checklist/S57217655
L3949628,2019-6-9,Sung Ming Chen,Black Bulbul,3,/view/checklist/S57217655
L3949628,2019-6-9,Sung Ming Chen,Vinous-throated Parrotbill,6,/view/checklist/S57217655
L3949628,2019-6-9,Sung Ming Chen,Swinhoe's White-eye,9,/view/checklist/S57217655
L2329696,2019-9-13,Mark Stevenson,Oriental Turtle-Dove,7,/view/checklist/S59725288
L2329696,2019-9-13,Mark Stevenson,Red Collared-Dove,1,/view/checklist/S59725288
L2329696,2019-9-13,Mark Stevenson,Eurasian Moorhen,3,/view/checklist/S59725288
L2329696,2019-9-13,Mark Stevenson,Eurasian Coot,1,/view/checklist/S59725288
L2329696,2019-9-13,Mark Stevenson,Black-winged Stilt,6,/view/checklist/S59725288
L2329696,2019-9-13,Mark Stevenson,Pacific Golden-Plover,2,/view/checklist/S59725288
L2329696,2019-9-13,Mark Stevenson,Little Ringed Plover,2,/view/checklist/S59725288
L2329696,2019-9-13,Mark Stevenson,Gray Heron,8,/view/checklist/S59725288
L2329696,2019-9-13,Mark Stevenson,Great Egret,1,/view/checklist/S59725288
L2329696,2019-9-13,Mark Stevenson,Intermediate Egret,3,/view/checklist/S59725288
L2329696,2019-9-13,Mark Stevenson,Great/Intermediate Egret,-1,/view/checklist/S59725288
L2329696,2019-9-13,Mark Stevenson,Chinese Egret,2,/view/checklist/S59725288
L2329696,2019-9-13,Mark Stevenson,Cattle Egret,2,/view/checklist/S59725288
L2329696,2019-9-13,Mark Stevenson,white egret sp.,-1,/view/checklist/S59725288
L2329696,2019-9-13,Mark Stevenson,Black-crowned Night-Heron,9,/view/checklist/S59725288
L2329696,2019-9-13,Mark Stevenson,African Sacred Ibis,35,/view/checklist/S59725288
L2329696,2019-9-13,Mark Stevenson,Taiwan Barbet,3,/view/checklist/S59725288
L2329696,2019-9-13,Mark Stevenson,Gray Treepie,7,/view/checklist/S59725288
L2329696,2019-9-13,Mark Stevenson,Plain Prinia,1,/view/checklist/S59725288
L2329696,2019-9-13,Mark Stevenson,Light-vented Bulbul,-1,/view/checklist/S59725288
L2329696,2019-9-13,Mark Stevenson,Swinhoe's White-eye,-1,/view/checklist/S59725288
L2329696,2019-9-13,Mark Stevenson,Javan Myna,2,/view/checklist/S59725288
L2329696,2019-9-13,Mark Stevenson,White-rumped Munia,2,/view/checklist/S59725288
L2329696,2019-9-13,Mark Stevenson,Scaly-breasted Munia,5,/view/checklist/S59725288
L2329696,2019-9-13,Mark Stevenson,Eurasian Tree Sparrow,4,/view/checklist/S59725288
L2329696,2019-9-7,Peter Kyne,Eastern Spot-billed Duck,15,/view/checklist/S59570864
L2329696,2019-9-7,Peter Kyne,Oriental Turtle-Dove,10,/view/checklist/S59570864
L2329696,2019-9-7,Peter Kyne,Spotted Dove,1,/view/checklist/S59570864
L2329696,2019-9-7,Peter Kyne,Eurasian Moorhen,4,/view/checklist/S59570864
L2329696,2019-9-7,Peter Kyne,Black-winged Stilt,5,/view/checklist/S59570864
L2329696,2019-9-7,Peter Kyne,Common Greenshank,3,/view/checklist/S59570864
L2329696,2019-9-7,Peter Kyne,Wood Sandpiper,1,/view/checklist/S59570864
L2329696,2019-9-7,Peter Kyne,Gray Heron,6,/view/checklist/S59570864
L2329696,2019-9-7,Peter Kyne,Great Egret,4,/view/checklist/S59570864
L2329696,2019-9-7,Peter Kyne,Little Egret (Western),3,/view/checklist/S59570864
L2329696,2019-9-7,Peter Kyne,Cattle Egret,8,/view/checklist/S59570864
L2329696,2019-9-7,Peter Kyne,Malayan Night-Heron,1,/view/checklist/S59570864
L2329696,2019-9-7,Peter Kyne,African Sacred Ibis,12,/view/checklist/S59570864
L2329696,2019-9-7,Peter Kyne,Black-naped Monarch,3,/view/checklist/S59570864
L2329696,2019-9-7,Peter Kyne,Gray Treepie,2,/view/checklist/S59570864
L2329696,2019-9-7,Peter Kyne,Light-vented Bulbul,25,/view/checklist/S59570864
L2329696,2019-9-7,Peter Kyne,Swinhoe's White-eye,20,/view/checklist/S59570864
L2329696,2019-9-7,Peter Kyne,Black-collared Starling,2,/view/checklist/S59570864
L2329696,2019-9-7,Peter Kyne,Javan Myna,1,/view/checklist/S59570864
L2329696,2019-9-1,Ambroise Terras,Oriental Turtle-Dove,1,/view/checklist/S59417309
L2329696,2019-9-1,Ambroise Terras,Eurasian Moorhen,2,/view/checklist/S59417309
L2329696,2019-9-1,Ambroise Terras,Black-winged Stilt,5,/view/checklist/S59417309
L2329696,2019-9-1,Ambroise Terras,Pacific Golden-Plover,1,/view/checklist/S59417309
L2329696,2019-9-1,Ambroise Terras,Little Ringed Plover,3,/view/checklist/S59417309
L2329696,2019-9-1,Ambroise Terras,Common Snipe,1,/view/checklist/S59417309
L2329696,2019-9-1,Ambroise Terras,Common Greenshank,21,/view/checklist/S59417309
L2329696,2019-9-1,Ambroise Terras,Wood Sandpiper,1,/view/checklist/S59417309
L2329696,2019-9-1,Ambroise Terras,Gray Heron,10,/view/checklist/S59417309
L2329696,2019-9-1,Ambroise Terras,Great Egret,8,/view/checklist/S59417309
L2329696,2019-9-1,Ambroise Terras,Little Egret,1,/view/checklist/S59417309
L2329696,2019-9-1,Ambroise Terras,Cattle Egret,7,/view/checklist/S59417309
L2329696,2019-9-1,Ambroise Terras,Black-crowned Night-Heron,12,/view/checklist/S59417309
L2329696,2019-9-1,Ambroise Terras,African Sacred Ibis,30,/view/checklist/S59417309
L2329696,2019-9-1,Ambroise Terras,Black-winged Kite,1,/view/checklist/S59417309
L2329696,2019-9-1,Ambroise Terras,Black Drongo,2,/view/checklist/S59417309
L2329696,2019-9-1,Ambroise Terras,Long-tailed Shrike,1,/view/checklist/S59417309
L2329696,2019-9-1,Ambroise Terras,Plain Prinia,1,/view/checklist/S59417309
L2329696,2019-9-1,Ambroise Terras,Pacific Swallow,1,/view/checklist/S59417309
L2329696,2019-9-1,Ambroise Terras,Light-vented Bulbul,10,/view/checklist/S59417309
L2329696,2019-9-1,Ambroise Terras,Swinhoe's White-eye,5,/view/checklist/S59417309
L2329696,2019-9-1,Ambroise Terras,Javan Myna,10,/view/checklist/S59417309
L2329696,2019-9-1,Ambroise Terras,Eurasian Tree Sparrow,10,/view/checklist/S59417309
L2329696,2019-9-1,Ambroise Terras,Eastern Yellow Wagtail,1,/view/checklist/S59417309
L2329696,2019-7-21,天助 李,Eastern Spot-billed Duck,7,/view/checklist/S58337138
L2329696,2019-7-21,天助 李,Black-winged Stilt,5,/view/checklist/S58337138
L2329696,2019-7-21,天助 李,Common Greenshank,3,/view/checklist/S58337138
L2329696,2019-7-21,天助 李,Gray Heron,3,/view/checklist/S58337138
L2329696,2019-7-21,天助 李,Great Egret,5,/view/checklist/S58337138
L2329696,2019-7-21,天助 李,Little Egret,3,/view/checklist/S58337138
L2329696,2019-7-21,天助 李,Cattle Egret,50,/view/checklist/S58337138
L2329696,2019-7-21,天助 李,African Sacred Ibis,10,/view/checklist/S58337138
L2329696,2019-7-21,天助 李,Light-vented Bulbul,1,/view/checklist/S58337138
L2329696,2019-7-21,天助 李,Eurasian Tree Sparrow,15,/view/checklist/S58337138
L2329696,2019-7-17,Ambroise Terras,Eastern Spot-billed Duck,6,/view/checklist/S58240696
L2329696,2019-7-17,Ambroise Terras,Oriental Turtle-Dove,2,/view/checklist/S58240696
L2329696,2019-7-17,Ambroise Terras,Red Collared-Dove,1,/view/checklist/S58240696
L2329696,2019-7-17,Ambroise Terras,Common Greenshank,15,/view/checklist/S58240696
L2329696,2019-7-17,Ambroise Terras,Whiskered Tern,1,/view/checklist/S58240696
L2329696,2019-7-17,Ambroise Terras,Gray Heron,3,/view/checklist/S58240696
L2329696,2019-7-17,Ambroise Terras,Great Egret,5,/view/checklist/S58240696
L2329696,2019-7-17,Ambroise Terras,Cattle Egret,30,/view/checklist/S58240696
L2329696,2019-7-17,Ambroise Terras,African Sacred Ibis,25,/view/checklist/S58240696
L2329696,2019-7-17,Ambroise Terras,Common Kingfisher,1,/view/checklist/S58240696
L2329696,2019-7-17,Ambroise Terras,Black Drongo,1,/view/checklist/S58240696
L2329696,2019-7-17,Ambroise Terras,Black-naped Monarch,1,/view/checklist/S58240696
L2329696,2019-7-17,Ambroise Terras,Barn Swallow,5,/view/checklist/S58240696
L2329696,2019-7-17,Ambroise Terras,Light-vented Bulbul,3,/view/checklist/S58240696
L2329696,2019-7-17,Ambroise Terras,Swinhoe's White-eye,1,/view/checklist/S58240696
L2329696,2019-7-17,Ambroise Terras,Javan Myna,2,/view/checklist/S58240696
L2329696,2019-7-17,Ambroise Terras,Eurasian Tree Sparrow,6,/view/checklist/S58240696
L2329696,2019-7-14,Ambroise Terras,Eastern Spot-billed Duck,4,/view/checklist/S58241567
L2329696,2019-7-14,Ambroise Terras,Oriental Turtle-Dove,5,/view/checklist/S58241567
L2329696,2019-7-14,Ambroise Terras,Spotted Dove,1,/view/checklist/S58241567
L2329696,2019-7-14,Ambroise Terras,Eurasian Moorhen,1,/view/checklist/S58241567
L2329696,2019-7-14,Ambroise Terras,Common Greenshank,2,/view/checklist/S58241567
L2329696,2019-7-14,Ambroise Terras,Gray Heron,4,/view/checklist/S58241567
L2329696,2019-7-14,Ambroise Terras,Great Egret,10,/view/checklist/S58241567
L2329696,2019-7-14,Ambroise Terras,Cattle Egret,50,/view/checklist/S58241567
L2329696,2019-7-14,Ambroise Terras,Black Kite,1,/view/checklist/S58241567
L2329696,2019-7-14,Ambroise Terras,Light-vented Bulbul,5,/view/checklist/S58241567
L2329696,2019-7-14,Ambroise Terras,Javan Myna,1,/view/checklist/S58241567
L2329696,2019-7-14,Ambroise Terras,Eurasian Tree Sparrow,5,/view/checklist/S58241567
L2329696,2019-7-6,arlango lee,Eastern Spot-billed Duck,1,/view/checklist/S57962085
L2329696,2019-7-6,arlango lee,Oriental Turtle-Dove,3,/view/checklist/S57962085
L2329696,2019-7-6,arlango lee,Spotted Dove,2,/view/checklist/S57962085
L2329696,2019-7-6,arlango lee,Black-winged Stilt,2,/view/checklist/S57962085
L2329696,2019-7-6,arlango lee,Whiskered Tern,1,/view/checklist/S57962085
L2329696,2019-7-6,arlango lee,Great Egret,3,/view/checklist/S57962085
L2329696,2019-7-6,arlango lee,Little Egret,5,/view/checklist/S57962085
L2329696,2019-7-6,arlango lee,Cattle Egret,50,/view/checklist/S57962085
L2329696,2019-7-6,arlango lee,Black-crowned Night-Heron,1,/view/checklist/S57962085
L2329696,2019-7-6,arlango lee,African Sacred Ibis,11,/view/checklist/S57962085
L2329696,2019-7-6,arlango lee,Common Kingfisher,1,/view/checklist/S57962085
L2329696,2019-7-6,arlango lee,Taiwan Barbet,1,/view/checklist/S57962085
L2329696,2019-7-6,arlango lee,Gray Treepie,3,/view/checklist/S57962085
L2329696,2019-7-6,arlango lee,Oriental Magpie,2,/view/checklist/S57962085
L2329696,2019-7-6,arlango lee,Barn Swallow,6,/view/checklist/S57962085
L2329696,2019-7-6,arlango lee,Light-vented Bulbul,11,/view/checklist/S57962085
L2329696,2019-7-6,arlango lee,Black Bulbul,2,/view/checklist/S57962085
L2329696,2019-7-6,arlango lee,Swinhoe's White-eye,2,/view/checklist/S57962085
L2329696,2019-7-6,arlango lee,Common Myna,2,/view/checklist/S57962085
L2329696,2019-7-6,arlango lee,Javan Myna,6,/view/checklist/S57962085
L2329696,2019-7-6,arlango lee,Eurasian Tree Sparrow,15,/view/checklist/S57962085
L2329696,2019-7-6,Jui-Lin Chang,Eastern Spot-billed Duck,1,/view/checklist/S57962685
L2329696,2019-7-6,Jui-Lin Chang,Oriental Turtle-Dove,8,/view/checklist/S57962685
L2329696,2019-7-6,Jui-Lin Chang,Eurasian Moorhen,1,/view/checklist/S57962685
L2329696,2019-7-6,Jui-Lin Chang,Black-winged Stilt,2,/view/checklist/S57962685
L2329696,2019-7-6,Jui-Lin Chang,Yellow Bittern,1,/view/checklist/S57962685
L2329696,2019-7-6,Jui-Lin Chang,Great Egret,1,/view/checklist/S57962685
L2329696,2019-7-6,Jui-Lin Chang,Little Egret,2,/view/checklist/S57962685
L2329696,2019-7-6,Jui-Lin Chang,Cattle Egret,52,/view/checklist/S57962685
L2329696,2019-7-6,Jui-Lin Chang,Black-crowned Night-Heron,3,/view/checklist/S57962685
L2329696,2019-7-6,Jui-Lin Chang,African Sacred Ibis,17,/view/checklist/S57962685
L2329696,2019-7-6,Jui-Lin Chang,Black Drongo,2,/view/checklist/S57962685
L2329696,2019-7-6,Jui-Lin Chang,Gray Treepie,4,/view/checklist/S57962685
L2329696,2019-7-6,Jui-Lin Chang,Oriental Magpie,2,/view/checklist/S57962685
L2329696,2019-7-6,Jui-Lin Chang,Light-vented Bulbul,12,/view/checklist/S57962685
L2329696,2019-7-6,Jui-Lin Chang,Black Bulbul (Gray-winged),6,/view/checklist/S57962685
L2329696,2019-7-6,Jui-Lin Chang,Swinhoe's White-eye,6,/view/checklist/S57962685
L2329696,2019-7-6,Jui-Lin Chang,Common Myna,2,/view/checklist/S57962685
L2329696,2019-7-6,Jui-Lin Chang,Javan Myna,7,/view/checklist/S57962685
L2329696,2019-7-6,Jui-Lin Chang,Eurasian Tree Sparrow,27,/view/checklist/S57962685
L2329696,2019-6-4,Mark Stevenson,Eastern Spot-billed Duck,12,/view/checklist/S57070573
L2329696,2019-6-4,Mark Stevenson,Rock Pigeon (Feral Pigeon),6,/view/checklist/S57070573
L2329696,2019-6-4,Mark Stevenson,Oriental Turtle-Dove,4,/view/checklist/S57070573
L2329696,2019-6-4,Mark Stevenson,Spotted Dove,8,/view/checklist/S57070573
L2329696,2019-6-4,Mark Stevenson,Pacific Swift,3,/view/checklist/S57070573
L2329696,2019-6-4,Mark Stevenson,House Swift,3,/view/checklist/S57070573
L2329696,2019-6-4,Mark Stevenson,Apus sp.,20,/view/checklist/S57070573
L2329696,2019-6-4,Mark Stevenson,Eurasian Moorhen,2,/view/checklist/S57070573
L2329696,2019-6-4,Mark Stevenson,Black-winged Stilt,8,/view/checklist/S57070573
L2329696,2019-6-4,Mark Stevenson,Yellow Bittern,1,/view/checklist/S57070573
L2329696,2019-6-4,Mark Stevenson,Cinnamon Bittern,2,/view/checklist/S57070573
L2329696,2019-6-4,Mark Stevenson,Gray Heron,5,/view/checklist/S57070573
L2329696,2019-6-4,Mark Stevenson,Great Egret,5,/view/checklist/S57070573
L2329696,2019-6-4,Mark Stevenson,Intermediate Egret,1,/view/checklist/S57070573
L2329696,2019-6-4,Mark Stevenson,Great/Intermediate Egret,20,/view/checklist/S57070573
L2329696,2019-6-4,Mark Stevenson,Chinese Egret,5,/view/checklist/S57070573
L2329696,2019-6-4,Mark Stevenson,Little Egret,2,/view/checklist/S57070573
L2329696,2019-6-4,Mark Stevenson,Cattle Egret,15,/view/checklist/S57070573
L2329696,2019-6-4,Mark Stevenson,African Sacred Ibis,3,/view/checklist/S57070573
L2329696,2019-6-4,Mark Stevenson,Common Kingfisher,1,/view/checklist/S57070573
L2329696,2019-6-4,Mark Stevenson,Gray Treepie,2,/view/checklist/S57070573
L2329696,2019-6-4,Mark Stevenson,Oriental Magpie,5,/view/checklist/S57070573
L2329696,2019-6-4,Mark Stevenson,Yellow-bellied Prinia,1,/view/checklist/S57070573
L2329696,2019-6-4,Mark Stevenson,Gray-throated Martin,3,/view/checklist/S57070573
L2329696,2019-6-4,Mark Stevenson,Bank Swallow,2,/view/checklist/S57070573
L2329696,2019-6-4,Mark Stevenson,Gray-throated Martin/Bank Swallow,20,/view/checklist/S57070573
L2329696,2019-6-4,Mark Stevenson,Barn Swallow,2,/view/checklist/S57070573
L2329696,2019-6-4,Mark Stevenson,Barn/Pacific Swallow,20,/view/checklist/S57070573
L2329696,2019-6-4,Mark Stevenson,Light-vented Bulbul,36,/view/checklist/S57070573
L2329696,2019-6-4,Mark Stevenson,Black Bulbul,2,/view/checklist/S57070573
L2329696,2019-6-4,Mark Stevenson,Manchurian Bush Warbler,1,/view/checklist/S57070573
L2329696,2019-6-4,Mark Stevenson,Swinhoe's White-eye,-1,/view/checklist/S57070573
L2329696,2019-6-4,Mark Stevenson,Rufous-capped Babbler,1,/view/checklist/S57070573
L2329696,2019-6-4,Mark Stevenson,Black-collared Starling,5,/view/checklist/S57070573
L2329696,2019-6-4,Mark Stevenson,Common Myna,2,/view/checklist/S57070573
L2329696,2019-6-4,Mark Stevenson,Javan Myna,20,/view/checklist/S57070573
L2329696,2019-6-4,Mark Stevenson,Crested Myna,3,/view/checklist/S57070573
L2329696,2019-6-4,Mark Stevenson,Eurasian Tree Sparrow,2,/view/checklist/S57070573
L2329696,2019-6-2,林 志和,Eurasian Moorhen,1,/view/checklist/S56983747
L2329696,2019-6-2,林 志和,Great Egret,20,/view/checklist/S56983747
L2329696,2019-6-2,林 志和,Little Egret,20,/view/checklist/S56983747
L2329696,2019-6-2,林 志和,Cattle Egret,20,/view/checklist/S56983747
L2329696,2019-6-2,林 志和,African Sacred Ibis,14,/view/checklist/S56983747
L2329696,2019-6-2,林 志和,Barn Swallow,5,/view/checklist/S56983747
L2329696,2019-6-2,林 志和,Light-vented Bulbul,3,/view/checklist/S56983747
L2329696,2019-6-2,林 志和,Black Bulbul,3,/view/checklist/S56983747
L2329696,2019-6-2,林 志和,Swinhoe's White-eye,1,/view/checklist/S56983747
L2329696,2019-6-2,林 志和,Javan Myna,2,/view/checklist/S56983747
L2329696,2019-6-2,林 志和,Oriental Magpie-Robin,1,/view/checklist/S56983747
L2329696,2019-6-2,林 志和,Eurasian Tree Sparrow,1,/view/checklist/S56983747
L2329696,2019-6-2,根榮 李,Black-winged Stilt,1,/view/checklist/S56983748
L2329696,2019-6-2,根榮 李,African Sacred Ibis,3,/view/checklist/S56983748
L2329696,2019-6-2,根榮 李,Barn Swallow,1,/view/checklist/S56983748
L2329696,2019-6-2,根榮 李,Light-vented Bulbul,3,/view/checklist/S56983748
L2329696,2019-6-2,根榮 李,Swinhoe's White-eye,1,/view/checklist/S56983748
L2329696,2019-6-2,根榮 李,Javan Myna,1,/view/checklist/S56983748
L2329696,2019-6-2,根榮 李,Eurasian Tree Sparrow,2,/view/checklist/S56983748
L3887194,2019-8-18,Sung Ming Chen,Eastern Spot-billed Duck,6,/view/checklist/S59070502
L3887194,2019-8-18,Sung Ming Chen,Cattle Egret,1,/view/checklist/S59070502
L3887194,2019-8-18,Sung Ming Chen,Black-crowned Night-Heron,5,/view/checklist/S59070502
L3887194,2019-8-18,Sung Ming Chen,Crested Goshawk,1,/view/checklist/S59070502
L3887194,2019-8-18,Sung Ming Chen,Light-vented Bulbul,5,/view/checklist/S59070502
L3887194,2019-8-18,Sung Ming Chen,Black Bulbul,2,/view/checklist/S59070502
L3887194,2019-8-18,Sung Ming Chen,Rufous-capped Babbler,3,/view/checklist/S59070502
L3887194,2019-8-18,Sung Ming Chen,Taiwan Scimitar-Babbler,2,/view/checklist/S59070502
L3887194,2019-7-7,Sung Ming Chen,Rock Pigeon (Feral Pigeon),50,/view/checklist/S57990850
L3887194,2019-7-7,Sung Ming Chen,Oriental Turtle-Dove,5,/view/checklist/S57990850
L3887194,2019-7-7,Sung Ming Chen,White-breasted Waterhen,1,/view/checklist/S57990850
L3887194,2019-7-7,Sung Ming Chen,Great Egret,2,/view/checklist/S57990850
L3887194,2019-7-7,Sung Ming Chen,Little Egret,7,/view/checklist/S57990850
L3887194,2019-7-7,Sung Ming Chen,Cattle Egret,13,/view/checklist/S57990850
L3887194,2019-7-7,Sung Ming Chen,Black-crowned Night-Heron,12,/view/checklist/S57990850
L3887194,2019-7-7,Sung Ming Chen,African Sacred Ibis,8,/view/checklist/S57990850
L3887194,2019-7-7,Sung Ming Chen,Crested Goshawk,1,/view/checklist/S57990850
L3887194,2019-7-7,Sung Ming Chen,Plain Prinia,2,/view/checklist/S57990850
L3887194,2019-7-7,Sung Ming Chen,Zitting Cisticola,1,/view/checklist/S57990850
L3887194,2019-7-7,Sung Ming Chen,Barn Swallow,2,/view/checklist/S57990850
L3887194,2019-7-7,Sung Ming Chen,Light-vented Bulbul,12,/view/checklist/S57990850
L3887194,2019-7-7,Sung Ming Chen,Vinous-throated Parrotbill,10,/view/checklist/S57990850
L3887194,2019-7-7,Sung Ming Chen,Swinhoe's White-eye,11,/view/checklist/S57990850
L3887194,2019-7-7,Sung Ming Chen,Taiwan Scimitar-Babbler,2,/view/checklist/S57990850
L3887194,2019-7-6,arlango lee,Spotted Dove,1,/view/checklist/S57961578
L3887194,2019-7-6,arlango lee,Little Egret,6,/view/checklist/S57961578
L3887194,2019-7-6,arlango lee,Cattle Egret,35,/view/checklist/S57961578
L3887194,2019-7-6,arlango lee,Black-crowned Night-Heron,5,/view/checklist/S57961578
L3887194,2019-7-6,arlango lee,Malayan Night-Heron,1,/view/checklist/S57961578
L3887194,2019-7-6,arlango lee,African Sacred Ibis,6,/view/checklist/S57961578
L3887194,2019-7-6,arlango lee,Gray Treepie,1,/view/checklist/S57961578
L3887194,2019-7-6,arlango lee,Barn Swallow,3,/view/checklist/S57961578
L3887194,2019-7-6,arlango lee,Light-vented Bulbul,7,/view/checklist/S57961578
L3887194,2019-7-6,arlango lee,Vinous-throated Parrotbill,2,/view/checklist/S57961578
L3887194,2019-7-6,arlango lee,Swinhoe's White-eye,2,/view/checklist/S57961578
L2270945,2019-6-4,Mark Stevenson,Rock Pigeon (Feral Pigeon),-1,/view/checklist/S57095444
L2270945,2019-6-4,Mark Stevenson,Oriental Turtle-Dove,1,/view/checklist/S57095444
L2270945,2019-6-4,Mark Stevenson,Gray Heron,-1,/view/checklist/S57095444
L2270945,2019-6-4,Mark Stevenson,Great Egret,-1,/view/checklist/S57095444
L2270945,2019-6-4,Mark Stevenson,Intermediate Egret,-1,/view/checklist/S57095444
L2270945,2019-6-4,Mark Stevenson,Chinese Egret,-1,/view/checklist/S57095444
L2270945,2019-6-4,Mark Stevenson,Cattle Egret,-1,/view/checklist/S57095444
L2270945,2019-6-4,Mark Stevenson,Black-crowned Night-Heron,1,/view/checklist/S57095444
L2270945,2019-6-4,Mark Stevenson,African Sacred Ibis,-1,/view/checklist/S57095444
L2270945,2019-6-4,Mark Stevenson,Black Drongo,1,/view/checklist/S57095444
L2270945,2019-6-4,Mark Stevenson,Oriental Magpie,2,/view/checklist/S57095444
L2270945,2019-6-4,Mark Stevenson,Zitting Cisticola,2,/view/checklist/S57095444
L2270945,2019-6-4,Mark Stevenson,Barn Swallow,4,/view/checklist/S57095444
L2270945,2019-6-4,Mark Stevenson,Pacific Swallow,6,/view/checklist/S57095444
L2270945,2019-6-4,Mark Stevenson,Light-vented Bulbul,14,/view/checklist/S57095444
L2270945,2019-6-4,Mark Stevenson,Black Bulbul,2,/view/checklist/S57095444
L2270945,2019-6-4,Mark Stevenson,Swinhoe's White-eye,24,/view/checklist/S57095444
L2270945,2019-6-4,Mark Stevenson,Common Myna,30,/view/checklist/S57095444
L2270945,2019-6-4,Mark Stevenson,Javan Myna,5,/view/checklist/S57095444
L2270945,2019-6-4,Mark Stevenson,Crested Myna,1,/view/checklist/S57095444
L2270945,2019-6-4,Mark Stevenson,Chestnut Munia,3,/view/checklist/S57095444
L2270945,2019-6-4,Mark Stevenson,Eurasian Tree Sparrow,3,/view/checklist/S57095444
L3949628,2019-09-22,Kevin Chao,Crested Serpent-Eagle,1,/view/checklist/S59993563
L3949628,2019-09-22,Kevin Chao,Crested Serpent-Eagle,1,/view/checklist/S59993563
L3949628,2019-09-01,Ann Huang,Oriental Turtle-Dove,5,/view/checklist/S59419428
L3949628,2019-09-01,Ann Huang,Eurasian Moorhen,2,/view/checklist/S59419428
L3949628,2019-09-01,Ann Huang,Cattle Egret,5,/view/checklist/S59419428
L3949628,2019-09-01,Ann Huang,Oriental Magpie,1,/view/checklist/S59419428
L3949628,2019-09-01,Ann Huang,Light-vented Bulbul,2,/view/checklist/S59419428
L3949628,2019-09-01,Ann Huang,Eurasian Tree Sparrow,20,/view/checklist/S59419428
L2329696,2019-09-22,Kuan Chieh/貫捷 (Chuck) Hung/洪,Eastern Spot-billed Duck,4,/view/checklist/S60040421
L2329696,2019-09-22,Kuan Chieh/貫捷 (Chuck) Hung/洪,Oriental Turtle-Dove,4,/view/checklist/S60040421
L2329696,2019-09-22,Kuan Chieh/貫捷 (Chuck) Hung/洪,Spotted Dove (Eastern),1,/view/checklist/S60040421
L2329696,2019-09-22,Kuan Chieh/貫捷 (Chuck) Hung/洪,Eurasian Moorhen,2,/view/checklist/S60040421
L2329696,2019-09-22,Kuan Chieh/貫捷 (Chuck) Hung/洪,Black-winged Stilt,4,/view/checklist/S60040421
L2329696,2019-09-22,Kuan Chieh/貫捷 (Chuck) Hung/洪,Dunlin,1,/view/checklist/S60040421
L2329696,2019-09-22,Kuan Chieh/貫捷 (Chuck) Hung/洪,Common Sandpiper,3,/view/checklist/S60040421
L2329696,2019-09-22,Kuan Chieh/貫捷 (Chuck) Hung/洪,Common Greenshank,12,/view/checklist/S60040421
L2329696,2019-09-22,Kuan Chieh/貫捷 (Chuck) Hung/洪,Marsh Sandpiper,8,/view/checklist/S60040421
L2329696,2019-09-22,Kuan Chieh/貫捷 (Chuck) Hung/洪,Whiskered Tern,30,/view/checklist/S60040421
L2329696,2019-09-22,Kuan Chieh/貫捷 (Chuck) Hung/洪,Gray Heron (Gray),4,/view/checklist/S60040421
L2329696,2019-09-22,Kuan Chieh/貫捷 (Chuck) Hung/洪,Great Egret (Australasian),2,/view/checklist/S60040421
L2329696,2019-09-22,Kuan Chieh/貫捷 (Chuck) Hung/洪,Little Egret (Western),2,/view/checklist/S60040421
L2329696,2019-09-22,Kuan Chieh/貫捷 (Chuck) Hung/洪,Cattle Egret (Eastern),4,/view/checklist/S60040421
L2329696,2019-09-22,Kuan Chieh/貫捷 (Chuck) Hung/洪,Black-crowned Night-Heron (Eurasian),1,/view/checklist/S60040421
L2329696,2019-09-22,Kuan Chieh/貫捷 (Chuck) Hung/洪,African Sacred Ibis,30,/view/checklist/S60040421
L2329696,2019-09-22,Kuan Chieh/貫捷 (Chuck) Hung/洪,Crested Serpent-Eagle (Crested),1,/view/checklist/S60040421
L2329696,2019-09-22,Kuan Chieh/貫捷 (Chuck) Hung/洪,Common Kingfisher (Common),2,/view/checklist/S60040421
L2329696,2019-09-22,Kuan Chieh/貫捷 (Chuck) Hung/洪,Taiwan Barbet,1,/view/checklist/S60040421
L2329696,2019-09-22,Kuan Chieh/貫捷 (Chuck) Hung/洪,Black Drongo,2,/view/checklist/S60040421
L2329696,2019-09-22,Kuan Chieh/貫捷 (Chuck) Hung/洪,Brown Shrike,1,/view/checklist/S60040421
L2329696,2019-09-22,Kuan Chieh/貫捷 (Chuck) Hung/洪,Gray Treepie,2,/view/checklist/S60040421
L2329696,2019-09-22,Kuan Chieh/貫捷 (Chuck) Hung/洪,Oriental Magpie,1,/view/checklist/S60040421
L2329696,2019-09-22,Kuan Chieh/貫捷 (Chuck) Hung/洪,Plain Prinia,2,/view/checklist/S60040421
L2329696,2019-09-22,Kuan Chieh/貫捷 (Chuck) Hung/洪,Barn Swallow,4,/view/checklist/S60040421
L2329696,2019-09-22,Kuan Chieh/貫捷 (Chuck) Hung/洪,Light-vented Bulbul (formosae/orii),10,/view/checklist/S60040421
L2329696,2019-09-22,Kuan Chieh/貫捷 (Chuck) Hung/洪,Arctic Warbler,1,/view/checklist/S60040421
L2329696,2019-09-22,Kuan Chieh/貫捷 (Chuck) Hung/洪,Swinhoe's White-eye,8,/view/checklist/S60040421
L2329696,2019-09-22,Kuan Chieh/貫捷 (Chuck) Hung/洪,Javan Myna,20,/view/checklist/S60040421
L2329696,2019-09-22,Kuan Chieh/貫捷 (Chuck) Hung/洪,Eurasian Tree Sparrow,10,/view/checklist/S60040421
L2329696,2019-09-22,Kuan Chieh/貫捷 (Chuck) Hung/洪,Oriental Turtle-Dove,2,/view/checklist/S60039242
L2329696,2019-09-22,Kuan Chieh/貫捷 (Chuck) Hung/洪,Spotted Dove (Eastern),1,/view/checklist/S60039242
L2329696,2019-09-22,Kuan Chieh/貫捷 (Chuck) Hung/洪,Eurasian Moorhen,1,/view/checklist/S60039242
L2329696,2019-09-22,Kuan Chieh/貫捷 (Chuck) Hung/洪,Common Sandpiper,3,/view/checklist/S60039242
L2329696,2019-09-22,Kuan Chieh/貫捷 (Chuck) Hung/洪,Gray Heron (Gray),2,/view/checklist/S60039242
L2329696,2019-09-22,Kuan Chieh/貫捷 (Chuck) Hung/洪,Great Egret (Australasian),1,/view/checklist/S60039242
L2329696,2019-09-22,Kuan Chieh/貫捷 (Chuck) Hung/洪,Little Egret (Western),1,/view/checklist/S60039242
L2329696,2019-09-22,Kuan Chieh/貫捷 (Chuck) Hung/洪,Cattle Egret (Eastern),8,/view/checklist/S60039242
L2329696,2019-09-22,Kuan Chieh/貫捷 (Chuck) Hung/洪,Crested Serpent-Eagle (Crested),1,/view/checklist/S60039242
L2329696,2019-09-22,Kuan Chieh/貫捷 (Chuck) Hung/洪,Common Kingfisher (Common),1,/view/checklist/S60039242
L2329696,2019-09-22,Kuan Chieh/貫捷 (Chuck) Hung/洪,Gray-capped Woodpecker,2,/view/checklist/S60039242
L2329696,2019-09-22,Kuan Chieh/貫捷 (Chuck) Hung/洪,Black Drongo,2,/view/checklist/S60039242
L2329696,2019-09-22,Kuan Chieh/貫捷 (Chuck) Hung/洪,Black-naped Monarch,1,/view/checklist/S60039242
L2329696,2019-09-22,Kuan Chieh/貫捷 (Chuck) Hung/洪,Gray Treepie,4,/view/checklist/S60039242
L2329696,2019-09-22,Kuan Chieh/貫捷 (Chuck) Hung/洪,Oriental Magpie,2,/view/checklist/S60039242
L2329696,2019-09-22,Kuan Chieh/貫捷 (Chuck) Hung/洪,Plain Prinia,2,/view/checklist/S60039242
L2329696,2019-09-22,Kuan Chieh/貫捷 (Chuck) Hung/洪,Light-vented Bulbul (formosae/orii),8,/view/checklist/S60039242
L2329696,2019-09-22,Kuan Chieh/貫捷 (Chuck) Hung/洪,Arctic Warbler,1,/view/checklist/S60039242
L2329696,2019-09-22,Kuan Chieh/貫捷 (Chuck) Hung/洪,Swinhoe's White-eye,12,/view/checklist/S60039242
L2329696,2019-09-22,Kuan Chieh/貫捷 (Chuck) Hung/洪,Black-collared Starling,2,/view/checklist/S60039242
L2329696,2019-09-22,Kuan Chieh/貫捷 (Chuck) Hung/洪,Javan Myna,12,/view/checklist/S60039242
L2329696,2019-09-22,Kuan Chieh/貫捷 (Chuck) Hung/洪,Eurasian Tree Sparrow,20,/view/checklist/S60039242
L2329696,2019-09-22,Kuan Chieh/貫捷 (Chuck) Hung/洪,Gray Wagtail,1,/view/checklist/S60039242
L2329696,2019-09-22,Pavan Reddy,Eastern Spot-billed Duck,2,/view/checklist/S60053985
L2329696,2019-09-22,Pavan Reddy,Oriental Turtle-Dove,6,/view/checklist/S60053985
L2329696,2019-09-22,Pavan Reddy,Eurasian Moorhen,1,/view/checklist/S60053985
L2329696,2019-09-22,Pavan Reddy,Yellow Bittern,1,/view/checklist/S60053985
L2329696,2019-09-22,Pavan Reddy,Gray Heron,2,/view/checklist/S60053985
L2329696,2019-09-22,Pavan Reddy,Cattle Egret,4,/view/checklist/S60053985
L2329696,2019-09-22,Pavan Reddy,Crested Serpent-Eagle,1,/view/checklist/S60053985
L2329696,2019-09-22,Pavan Reddy,Common Kingfisher,1,/view/checklist/S60053985
L2329696,2019-09-22,Pavan Reddy,Gray Treepie,6,/view/checklist/S60053985
L2329696,2019-09-22,Pavan Reddy,Oriental Magpie,2,/view/checklist/S60053985
L2329696,2019-09-22,Pavan Reddy,Plain Prinia,2,/view/checklist/S60053985
L2329696,2019-09-22,Pavan Reddy,Light-vented Bulbul,5,/view/checklist/S60053985
L2329696,2019-09-22,Kuan Chieh/貫捷 (Chuck) Hung/洪,Eastern Spot-billed Duck,4,/view/checklist/S60040421
L2329696,2019-09-22,Kuan Chieh/貫捷 (Chuck) Hung/洪,Oriental Turtle-Dove,4,/view/checklist/S60040421
L2329696,2019-09-22,Kuan Chieh/貫捷 (Chuck) Hung/洪,Spotted Dove (Eastern),1,/view/checklist/S60040421
L2329696,2019-09-22,Kuan Chieh/貫捷 (Chuck) Hung/洪,Eurasian Moorhen,2,/view/checklist/S60040421
L2329696,2019-09-22,Kuan Chieh/貫捷 (Chuck) Hung/洪,Black-winged Stilt,4,/view/checklist/S60040421
L2329696,2019-09-22,Kuan Chieh/貫捷 (Chuck) Hung/洪,Dunlin,1,/view/checklist/S60040421
L2329696,2019-09-22,Kuan Chieh/貫捷 (Chuck) Hung/洪,Common Sandpiper,3,/view/checklist/S60040421
L2329696,2019-09-22,Kuan Chieh/貫捷 (Chuck) Hung/洪,Common Greenshank,12,/view/checklist/S60040421
L2329696,2019-09-22,Kuan Chieh/貫捷 (Chuck) Hung/洪,Marsh Sandpiper,8,/view/checklist/S60040421
L2329696,2019-09-22,Kuan Chieh/貫捷 (Chuck) Hung/洪,Whiskered Tern,30,/view/checklist/S60040421
L2329696,2019-09-22,Kuan Chieh/貫捷 (Chuck) Hung/洪,Gray Heron (Gray),4,/view/checklist/S60040421
L2329696,2019-09-22,Kuan Chieh/貫捷 (Chuck) Hung/洪,Great Egret (Australasian),2,/view/checklist/S60040421
L2329696,2019-09-22,Kuan Chieh/貫捷 (Chuck) Hung/洪,Little Egret (Western),2,/view/checklist/S60040421
L2329696,2019-09-22,Kuan Chieh/貫捷 (Chuck) Hung/洪,Cattle Egret (Eastern),4,/view/checklist/S60040421
L2329696,2019-09-22,Kuan Chieh/貫捷 (Chuck) Hung/洪,Black-crowned Night-Heron (Eurasian),1,/view/checklist/S60040421
L2329696,2019-09-22,Kuan Chieh/貫捷 (Chuck) Hung/洪,African Sacred Ibis,30,/view/checklist/S60040421
L2329696,2019-09-22,Kuan Chieh/貫捷 (Chuck) Hung/洪,Crested Serpent-Eagle (Crested),1,/view/checklist/S60040421
L2329696,2019-09-22,Kuan Chieh/貫捷 (Chuck) Hung/洪,Common Kingfisher (Common),2,/view/checklist/S60040421
L2329696,2019-09-22,Kuan Chieh/貫捷 (Chuck) Hung/洪,Taiwan Barbet,1,/view/checklist/S60040421
L2329696,2019-09-22,Kuan Chieh/貫捷 (Chuck) Hung/洪,Black Drongo,2,/view/checklist/S60040421
L2329696,2019-09-22,Kuan Chieh/貫捷 (Chuck) Hung/洪,Brown Shrike,1,/view/checklist/S60040421
L2329696,2019-09-22,Kuan Chieh/貫捷 (Chuck) Hung/洪,Gray Treepie,2,/view/checklist/S60040421
L2329696,2019-09-22,Kuan Chieh/貫捷 (Chuck) Hung/洪,Oriental Magpie,1,/view/checklist/S60040421
L2329696,2019-09-22,Kuan Chieh/貫捷 (Chuck) Hung/洪,Plain Prinia,2,/view/checklist/S60040421
L2329696,2019-09-22,Kuan Chieh/貫捷 (Chuck) Hung/洪,Barn Swallow,4,/view/checklist/S60040421
L2329696,2019-09-22,Kuan Chieh/貫捷 (Chuck) Hung/洪,Light-vented Bulbul (formosae/orii),10,/view/checklist/S60040421
L2329696,2019-09-22,Kuan Chieh/貫捷 (Chuck) Hung/洪,Arctic Warbler,1,/view/checklist/S60040421
L2329696,2019-09-22,Kuan Chieh/貫捷 (Chuck) Hung/洪,Swinhoe's White-eye,8,/view/checklist/S60040421
L2329696,2019-09-22,Kuan Chieh/貫捷 (Chuck) Hung/洪,Javan Myna,20,/view/checklist/S60040421
L2329696,2019-09-22,Kuan Chieh/貫捷 (Chuck) Hung/洪,Eurasian Tree Sparrow,10,/view/checklist/S60040421
L2329696,2019-09-13,Pavan Reddy,Oriental Turtle-Dove,2,/view/checklist/S60039242
L2329696,2019-09-13,Pavan Reddy,Spotted Dove (Eastern),1,/view/checklist/S60039242
L2329696,2019-09-13,Pavan Reddy,Eurasian Moorhen,1,/view/checklist/S60039242
L2329696,2019-09-13,Pavan Reddy,Common Sandpiper,3,/view/checklist/S60039242
L2329696,2019-09-13,Pavan Reddy,Gray Heron (Gray),2,/view/checklist/S60039242
L2329696,2019-09-13,Pavan Reddy,Great Egret (Australasian),1,/view/checklist/S60039242
L2329696,2019-09-13,Pavan Reddy,Little Egret (Western),1,/view/checklist/S60039242
L2329696,2019-09-13,Pavan Reddy,Cattle Egret (Eastern),8,/view/checklist/S60039242
L2329696,2019-09-13,Pavan Reddy,Crested Serpent-Eagle (Crested),1,/view/checklist/S60039242
L2329696,2019-09-13,Pavan Reddy,Common Kingfisher (Common),1,/view/checklist/S60039242
L2329696,2019-09-13,Pavan Reddy,Gray-capped Woodpecker,2,/view/checklist/S60039242
L2329696,2019-09-13,Pavan Reddy,Black Drongo,2,/view/checklist/S60039242
L2329696,2019-09-13,Pavan Reddy,Black-naped Monarch,1,/view/checklist/S60039242
L2329696,2019-09-13,Pavan Reddy,Gray Treepie,4,/view/checklist/S60039242
L2329696,2019-09-13,Pavan Reddy,Oriental Magpie,2,/view/checklist/S60039242
L2329696,2019-09-13,Pavan Reddy,Plain Prinia,2,/view/checklist/S60039242
L2329696,2019-09-13,Pavan Reddy,Light-vented Bulbul (formosae/orii),8,/view/checklist/S60039242
L2329696,2019-09-13,Pavan Reddy,Arctic Warbler,1,/view/checklist/S60039242
L2329696,2019-09-13,Pavan Reddy,Swinhoe's White-eye,12,/view/checklist/S60039242
L2329696,2019-09-13,Pavan Reddy,Black-collared Starling,2,/view/checklist/S60039242
L2329696,2019-09-13,Pavan Reddy,Javan Myna,12,/view/checklist/S60039242
L2329696,2019-09-13,Pavan Reddy,Eurasian Tree Sparrow,20,/view/checklist/S60039242
L2329696,2019-09-13,Pavan Reddy,Gray Wagtail,1,/view/checklist/S60039242
L2329696,2019-09-08,Mark Stevenson,Eastern Spot-billed Duck,2,/view/checklist/S60053985
L2329696,2019-09-08,Mark Stevenson,Oriental Turtle-Dove,6,/view/checklist/S60053985
L2329696,2019-09-08,Mark Stevenson,Eurasian Moorhen,1,/view/checklist/S60053985
L2329696,2019-09-08,Mark Stevenson,Yellow Bittern,1,/view/checklist/S60053985
L2329696,2019-09-08,Mark Stevenson,Gray Heron,2,/view/checklist/S60053985
L2329696,2019-09-08,Mark Stevenson,Cattle Egret,4,/view/checklist/S60053985
L2329696,2019-09-08,Mark Stevenson,Crested Serpent-Eagle,1,/view/checklist/S60053985
L2329696,2019-09-08,Mark Stevenson,Common Kingfisher,1,/view/checklist/S60053985
L2329696,2019-09-08,Mark Stevenson,Gray Treepie,6,/view/checklist/S60053985
L2329696,2019-09-08,Mark Stevenson,Oriental Magpie,2,/view/checklist/S60053985
L2329696,2019-09-08,Mark Stevenson,Plain Prinia,2,/view/checklist/S60053985
L2329696,2019-09-08,Mark Stevenson,Light-vented Bulbul,5,/view/checklist/S60053985
L2329696,2019-09-01,Peter Kyne,Eastern Spot-billed Duck,14,/view/checklist/S59599743
L2329696,2019-09-01,Peter Kyne,Oriental Turtle-Dove,2,/view/checklist/S59599743
L2329696,2019-09-01,Peter Kyne,Eurasian Moorhen,5,/view/checklist/S59599743
L2329696,2019-09-01,Peter Kyne,Common Greenshank,6,/view/checklist/S59599743
L2329696,2019-09-01,Peter Kyne,Gray Heron,8,/view/checklist/S59599743
L2329696,2019-09-01,Peter Kyne,Great Egret,6,/view/checklist/S59599743
L2329696,2019-09-01,Peter Kyne,Intermediate Egret,3,/view/checklist/S59599743
L2329696,2019-09-01,Peter Kyne,Little Egret,15,/view/checklist/S59599743
L2329696,2019-09-01,Peter Kyne,Cattle Egret,2,/view/checklist/S59599743
L2329696,2019-09-01,Peter Kyne,Black-crowned Night-Heron,2,/view/checklist/S59599743
L2329696,2019-09-01,Peter Kyne,African Sacred Ibis,3,/view/checklist/S59599743
L2329696,2019-09-01,Peter Kyne,Taiwan Barbet,1,/view/checklist/S59599743
L2329696,2019-09-01,Peter Kyne,Gray Treepie,5,/view/checklist/S59599743
L2329696,2019-09-01,Peter Kyne,Oriental Magpie,1,/view/checklist/S59599743
L2329696,2019-09-01,Peter Kyne,Plain Prinia,3,/view/checklist/S59599743
L2329696,2019-09-01,Peter Kyne,Barn Swallow,5,/view/checklist/S59599743
L2329696,2019-09-01,Peter Kyne,Light-vented Bulbul,35,/view/checklist/S59599743
L2329696,2019-09-01,Peter Kyne,Swinhoe's White-eye,18,/view/checklist/S59599743
L2329696,2019-09-01,Peter Kyne,Common Myna,4,/view/checklist/S59599743
L2329696,2019-09-07,Mark Stevenson,Oriental Turtle-Dove,3,/view/checklist/S60097693
L2329696,2019-09-07,Mark Stevenson,Gray Heron,2,/view/checklist/S60097693
L2329696,2019-09-07,Mark Stevenson,Intermediate Egret,1,/view/checklist/S60097693
L2329696,2019-09-07,Mark Stevenson,Malayan Night-Heron,1,/view/checklist/S60097693
L2329696,2019-09-07,Mark Stevenson,Black-naped Monarch,1,/view/checklist/S60097693
L2329696,2019-09-07,Mark Stevenson,Brown Shrike (Brown),1,/view/checklist/S60097693
L2329696,2019-09-07,Mark Stevenson,Gray Treepie,4,/view/checklist/S60097693
L2329696,2019-09-07,Mark Stevenson,Oriental Magpie,2,/view/checklist/S60097693
L2329696,2019-09-07,Mark Stevenson,Light-vented Bulbul,7,/view/checklist/S60097693
L2329696,2019-09-07,Mark Stevenson,bush warbler sp.,1,/view/checklist/S60097693
L2329696,2019-09-07,Mark Stevenson,Swinhoe's White-eye,2,/view/checklist/S60097693
L2329696,2019-09-07,Mark Stevenson,Black-collared Starling,1,/view/checklist/S60097693
L2329696,2019-09-07,Mark Stevenson,Javan Myna,6,/view/checklist/S60097693
L2329696,2019-09-07,Mark Stevenson,Eastern Yellow Wagtail,1,/view/checklist/S60097693
L2270945,2019-09-22,Grant Price,Gray Heron,2,/view/checklist/S60097712
L2270945,2019-09-22,Grant Price,Little Egret,2,/view/checklist/S60097712
L2270945,2019-09-22,Grant Price,Malayan Night-Heron,1,/view/checklist/S60097712
L2270945,2019-09-22,Grant Price,African Sacred Ibis,2,/view/checklist/S60097712
L2270945,2019-09-22,Grant Price,Common Kingfisher,1,/view/checklist/S60097712
L2270945,2019-09-22,Grant Price,Pacific Swallow,1,/view/checklist/S60097712
L2270945,2019-09-22,Grant Price,Common Myna,1,/view/checklist/S60097712
L2329696,2019-09-26,Alec McDonell,Graylag Goose (Domestic type),1,/view/checklist/S60119994
L2329696,2019-09-26,Alec McDonell,Eastern Spot-billed Duck,2,/view/checklist/S60119994
L2329696,2019-09-26,Alec McDonell,Rock Pigeon (Feral Pigeon),15,/view/checklist/S60119994
L2329696,2019-09-26,Alec McDonell,Oriental Turtle-Dove,3,/view/checklist/S60119994
L2329696,2019-09-26,Alec McDonell,Spotted Dove,2,/view/checklist/S60119994
L2329696,2019-09-26,Alec McDonell,Gray Heron,6,/view/checklist/S60119994
L2329696,2019-09-26,Alec McDonell,Great Egret,2,/view/checklist/S60119994
L2329696,2019-09-26,Alec McDonell,Intermediate Egret,9,/view/checklist/S60119994
L2329696,2019-09-26,Alec McDonell,Little Egret,2,/view/checklist/S60119994
L2329696,2019-09-26,Alec McDonell,Cattle Egret,10,/view/checklist/S60119994
L2329696,2019-09-26,Alec McDonell,Striated Heron,2,/view/checklist/S60119994
L2329696,2019-09-26,Alec McDonell,Black-crowned Night-Heron,1,/view/checklist/S60119994
L2329696,2019-09-26,Alec McDonell,African Sacred Ibis,60,/view/checklist/S60119994
L2329696,2019-09-26,Alec McDonell,Crested Serpent-Eagle,1,/view/checklist/S60119994
L2329696,2019-09-26,Alec McDonell,Gray Treepie,9,/view/checklist/S60119994
L2329696,2019-09-26,Alec McDonell,Oriental Magpie,5,/view/checklist/S60119994
L2329696,2019-09-26,Alec McDonell,Light-vented Bulbul,16,/view/checklist/S60119994
L2329696,2019-09-26,Alec McDonell,Black Bulbul,2,/view/checklist/S60119994
L2329696,2019-09-26,Alec McDonell,Swinhoe's White-eye,15,/view/checklist/S60119994
L2329696,2019-09-26,Alec McDonell,Scaly-breasted Munia,5,/view/checklist/S60119994
L2329696,2019-09-27,Po-Wei Chi,Eastern Spot-billed Duck,7,/view/checklist/S60142263
L2329696,2019-09-27,Po-Wei Chi,Oriental Turtle-Dove,9,/view/checklist/S60142263
L2329696,2019-09-27,Po-Wei Chi,Eurasian Moorhen,2,/view/checklist/S60142263
L2329696,2019-09-27,Po-Wei Chi,Black-winged Stilt,1,/view/checklist/S60142263
L2329696,2019-09-27,Po-Wei Chi,snipe sp.,1,/view/checklist/S60142263
L2329696,2019-09-27,Po-Wei Chi,Common Greenshank,4,/view/checklist/S60142263
L2329696,2019-09-27,Po-Wei Chi,Gray Heron (Gray),5,/view/checklist/S60142263
L2329696,2019-09-27,Po-Wei Chi,Great Egret (Australasian),3,/view/checklist/S60142263
L2329696,2019-09-27,Po-Wei Chi,Little Egret,4,/view/checklist/S60142263
L2329696,2019-09-27,Po-Wei Chi,Cattle Egret (Eastern),3,/view/checklist/S60142263
L2329696,2019-09-27,Po-Wei Chi,Black-crowned Night-Heron (Eurasian),3,/view/checklist/S60142263
L2329696,2019-09-27,Po-Wei Chi,Malayan Night-Heron,2,/view/checklist/S60142263
L2329696,2019-09-27,Po-Wei Chi,African Sacred Ibis,50,/view/checklist/S60142263
L2329696,2019-09-27,Po-Wei Chi,Common Kingfisher (Common),1,/view/checklist/S60142263
L2329696,2019-09-27,Po-Wei Chi,Taiwan Barbet,1,/view/checklist/S60142263
L2329696,2019-09-27,Po-Wei Chi,Black Drongo,2,/view/checklist/S60142263
L2329696,2019-09-27,Po-Wei Chi,Brown Shrike,1,/view/checklist/S60142263
L2329696,2019-09-27,Po-Wei Chi,Long-tailed Shrike (schach),1,/view/checklist/S60142263
L2329696,2019-09-27,Po-Wei Chi,Gray Treepie,2,/view/checklist/S60142263
L2329696,2019-09-27,Po-Wei Chi,Oriental Magpie,3,/view/checklist/S60142263
L2329696,2019-09-27,Po-Wei Chi,Yellow-bellied Prinia (Chinese),1,/view/checklist/S60142263
L2329696,2019-09-27,Po-Wei Chi,Plain Prinia,3,/view/checklist/S60142263
L2329696,2019-09-27,Po-Wei Chi,Gray-throated Martin,8,/view/checklist/S60142263
L2329696,2019-09-27,Po-Wei Chi,Barn Swallow,12,/view/checklist/S60142263
L2329696,2019-09-27,Po-Wei Chi,Light-vented Bulbul (formosae/orii),12,/view/checklist/S60142263
L2329696,2019-09-27,Po-Wei Chi,Arctic Warbler,1,/view/checklist/S60142263
L2329696,2019-09-27,Po-Wei Chi,Swinhoe's White-eye,21,/view/checklist/S60142263
L2329696,2019-09-27,Po-Wei Chi,Rufous-capped Babbler,1,/view/checklist/S60142263
L2329696,2019-09-27,Po-Wei Chi,Javan Myna,4,/view/checklist/S60142263
L2329696,2019-09-27,Po-Wei Chi,Eastern Yellow Wagtail,1,/view/checklist/S60142263
L2329696,2019-09-26,Brett Myskowski,Eastern Spot-billed Duck,7,/view/checklist/S60143668
L2329696,2019-09-26,Brett Myskowski,Oriental Turtle-Dove,6,/view/checklist/S60143668
L2329696,2019-09-26,Brett Myskowski,Red Collared-Dove,4,/view/checklist/S60143668
L2329696,2019-09-26,Brett Myskowski,Spotted Dove,1,/view/checklist/S60143668
L2329696,2019-09-26,Brett Myskowski,Eurasian Moorhen,6,/view/checklist/S60143668
L2329696,2019-09-26,Brett Myskowski,Black-winged Stilt,12,/view/checklist/S60143668
L2329696,2019-09-26,Brett Myskowski,Little Ringed Plover,5,/view/checklist/S60143668
L2329696,2019-09-26,Brett Myskowski,snipe sp.,1,/view/checklist/S60143668
L2329696,2019-09-26,Brett Myskowski,Common Sandpiper,1,/view/checklist/S60143668
L2329696,2019-09-26,Brett Myskowski,Gray Heron,3,/view/checklist/S60143668
L2329696,2019-09-26,Brett Myskowski,Little Egret,3,/view/checklist/S60143668
L2329696,2019-09-26,Brett Myskowski,Cattle Egret,5,/view/checklist/S60143668
L2329696,2019-09-26,Brett Myskowski,white egret sp.,2,/view/checklist/S60143668
L2329696,2019-09-26,Brett Myskowski,Black-crowned Night-Heron,3,/view/checklist/S60143668
L2329696,2019-09-26,Brett Myskowski,Malayan Night-Heron,1,/view/checklist/S60143668
L2329696,2019-09-26,Brett Myskowski,African Sacred Ibis,35,/view/checklist/S60143668
L2329696,2019-09-26,Brett Myskowski,Crested Serpent-Eagle,1,/view/checklist/S60143668
L2329696,2019-09-26,Brett Myskowski,Black Drongo,1,/view/checklist/S60143668
L2329696,2019-09-26,Brett Myskowski,Gray Treepie,5,/view/checklist/S60143668
L2329696,2019-09-26,Brett Myskowski,Barn Swallow,1,/view/checklist/S60143668
L2329696,2019-09-26,Brett Myskowski,Light-vented Bulbul,15,/view/checklist/S60143668
L2329696,2019-09-26,Brett Myskowski,Swinhoe's White-eye,12,/view/checklist/S60143668
L2329696,2019-09-26,Brett Myskowski,Black-collared Starling,2,/view/checklist/S60143668
L2329696,2019-09-26,Brett Myskowski,Javan Myna,4,/view/checklist/S60143668
L2329696,2019-09-26,Brett Myskowski,Scaly-breasted Munia,2,/view/checklist/S60143668
L2329696,2019-09-26,Brett Myskowski,Eastern Yellow Wagtail,2,/view/checklist/S60143668
